{
  "Africa": {
    "dz": "Algeria",
    "ao": "Angola",
    "bj": "Benin",
    "bw": "Botswana",
    "io": "British Indian Ocean Territory",
    "bf": "Burkina Faso",
    "bi": "Burundi",
    "cm": "Cameroon",
    "cv": "Cape Verde",
    "cf": "Central African Republic",
    "td": "Chad",
    "km": "Comoros",
    "cg": "Congo",
    "cd": "Democratic Republic of the Congo",
    "ci": "Ivory Coast",
    "dj": "Djibouti",
    "eg": "Egypt",
    "gq": "Equatorial Guinea",
    "er": "Eritrea",
    "sz": "Eswatini",
    "et": "Ethiopia",
    "ga": "Gabon",
    "gm": "Gambia",
    "gh": "Ghana",
    "gn": "Guinea",
    "gw": "Guinea-Bissau",
    "ke": "Kenya",
    "ls": "Lesotho",
    "lr": "Liberia",
    "ly": "Libya",
    "mg": "Madagascar",
    "mw": "Malawi",
    "ml": "Mali",
    "mr": "Mauritania",
    "mu": "Mauritius",
    "yt": "Mayotte",
    "ma": "Morocco",
    "mz": "Mozambique",
    "na": "Namibia",
    "ne": "Niger",
    "ng": "Nigeria",
    "re": "Reunion",
    "rw": "Rwanda",
    "sh": "Saint Helena, Ascension and Tristan da Cunha",
    "st": "Sao Tome and Principe",
    "sn": "Senegal",
    "sc": "Seychelles",
    "sl": "Sierra Leone",
    "so": "Somalia",
    "za": "South Africa",
    "ss": "South Sudan",
    "sd": "Sudan",
    "tz": "Tanzania",
    "tg": "Togo",
    "tn": "Tunisia",
    "ug": "Uganda",
    "eh": "Western Sahara",
    "zm": "Zambia",
    "zw": "Zimbabwe"
  },

  "Asia": {
    "af": "Afghanistan",
    "am": "Armenia",
    "az": "Azerbaijan",
    "bh": "Bahrain",
    "bd": "Bangladesh",
    "bt": "Bhutan",
    "bn": "Brunei",
    "kh": "Cambodia",
    "cn": "China",
    "ge": "Georgia",
    "hk": "Hong Kong",
    "in": "India",
    "id": "Indonesia",
    "ir": "Iran",
    "iq": "Iraq",
    "il": "Israel",
    "jp": "Japan",
    "jo": "Jordan",
    "kz": "Kazakhstan",
    "kp": "North Korea",
    "kr": "South Korea",
    "kw": "Kuwait",
    "kg": "Kyrgyzstan",
    "la": "Laos",
    "lb": "Lebanon",
    "mo": "Macao",
    "my": "Malaysia",
    "mv": "Maldives",
    "mn": "Mongolia",
    "mm": "Myanmar",
    "np": "Nepal",
    "om": "Oman",
    "pk": "Pakistan",
    "ps": "Palestine",
    "ph": "Philippines",
    "qa": "Qatar",
    "sa": "Saudi Arabia",
    "sg": "Singapore",
    "lk": "Sri Lanka",
    "sy": "Syria",
    "tw": "Taiwan",
    "tj": "Tajikistan",
    "th": "Thailand",
    "tl": "Timor-Leste",
    "tr": "Turkey",
    "tm": "Turkmenistan",
    "ae": "United Arab Emirates",
    "uz": "Uzbekistan",
    "vn": "Vietnam",
    "ye": "Yemen"
  },

  "Europe": {
    "ax": "Aland Islands",
    "al": "Albania",
    "ad": "Andorra",
    "at": "Austria",
    "by": "Belarus",
    "be": "Belgium",
    "ba": "Bosnia and Herzegovina",
    "bg": "Bulgaria",
    "hr": "Croatia",
    "cy": "Cyprus",
    "cz": "Czech Republic",
    "dk": "Denmark",
    "ee": "Estonia",
    "fo": "Faroe Islands",
    "fi": "Finland",
    "fr": "France",
    "de": "Germany",
    "gi": "Gibraltar",
    "gr": "Greece",
    "gg": "Guernsey",
    "hu": "Hungary",
    "is": "Iceland",
    "ie": "Ireland",
    "im": "Isle of Man",
    "it": "Italy",
    "je": "Jersey",
    "xk": "Kosovo",
    "lv": "Latvia",
    "li": "Liechtenstein",
    "lt": "Lithuania",
    "lu": "Luxembourg",
    "mt": "Malta",
    "md": "Moldova",
    "mc": "Monaco",
    "me": "Montenegro",
    "nl": "Netherlands",
    "mk": "North Macedonia",
    "no": "Norway",
    "pl": "Poland",
    "pt": "Portugal",
    "ro": "Romania",
    "ru": "Russia",
    "sm": "San Marino",
    "rs": "Serbia",
    "sk": "Slovakia",
    "si": "Slovenia",
    "es": "Spain",
    "sj": "Svalbard and Jan Mayen",
    "se": "Sweden",
    "ch": "Switzerland",
    "ua": "Ukraine",
    "gb": "United Kingdom",
    "va": "Vatican City"
  },

  "North America": {
    "ca": "Canada",
    "us": "United States",
    "mx": "Mexico",
    "gl": "Greenland"
  },

  "Central America & Caribbean": {
    "ag": "Antigua and Barbuda",
    "bs": "Bahamas",
    "bb": "Barbados",
    "bz": "Belize",
    "cr": "Costa Rica",
    "cu": "Cuba",
    "dm": "Dominica",
    "do": "Dominican Republic",
    "sv": "El Salvador",
    "gd": "Grenada",
    "gt": "Guatemala",
    "ht": "Haiti",
    "hn": "Honduras",
    "jm": "Jamaica",
    "ni": "Nicaragua",
    "pa": "Panama",
    "kn": "Saint Kitts and Nevis",
    "lc": "Saint Lucia",
    "vc": "Saint Vincent and the Grenadines",
    "tt": "Trinidad and Tobago"
  },

  "South America": {
    "ar": "Argentina",
    "bo": "Bolivia",
    "br": "Brazil",
    "cl": "Chile",
    "co": "Colombia",
    "ec": "Ecuador",
    "fk": "Falkland Islands",
    "gf": "French Guiana",
    "gy": "Guyana",
    "py": "Paraguay",
    "pe": "Peru",
    "sr": "Suriname",
    "uy": "Uruguay",
    "ve": "Venezuela"
  },

  "Oceania": {
    "au": "Australia",
    "ck": "Cook Islands",
    "fj": "Fiji",
    "pf": "French Polynesia",
    "gu": "Guam",
    "ki": "Kiribati",
    "mh": "Marshall Islands",
    "fm": "Micronesia",
    "nr": "Nauru",
    "nc": "New Caledonia",
    "nz": "New Zealand",
    "nu": "Niue",
    "nf": "Norfolk Island",
    "mp": "Northern Mariana Islands",
    "pw": "Palau",
    "pg": "Papua New Guinea",
    "pn": "Pitcairn Islands",
    "ws": "Samoa",
    "sb": "Solomon Islands",
    "tk": "Tokelau",
    "to": "Tonga",
    "tv": "Tuvalu",
    "vu": "Vanuatu",
    "wf": "Wallis and Futuna"
  },

  "International Organizations": {
    "eu": "European Union",
    "un": "United Nations"
  },

  "US States": {
    "al-us": "Alabama",
    "ak-us": "Alaska",
    "az-us": "Arizona",
    "ar-us": "Arkansas",
    "ca-us": "California",
    "co-us": "Colorado",
    "ct-us": "Connecticut",
    "de-us": "Delaware",
    "fl-us": "Florida",
    "ga-us": "Georgia",
    "hi-us": "Hawaii",
    "id-us": "Idaho",
    "il-us": "Illinois",
    "in-us": "Indiana",
    "ia-us": "Iowa",
    "ks-us": "Kansas",
    "ky-us": "Kentucky",
    "la-us": "Louisiana",
    "me-us": "Maine",
    "md-us": "Maryland",
    "ma-us": "Massachusetts",
    "mi-us": "Michigan",
    "mn-us": "Minnesota",
    "ms-us": "Mississippi",
    "mo-us": "Missouri",
    "mt-us": "Montana",
    "ne-us": "Nebraska",
    "nv-us": "Nevada",
    "nh-us": "New Hampshire",
    "nj-us": "New Jersey",
    "nm-us": "New Mexico",
    "ny-us": "New York",
    "nc-us": "North Carolina",
    "nd-us": "North Dakota",
    "oh-us": "Ohio",
    "ok-us": "Oklahoma",
    "or-us": "Oregon",
    "pa-us": "Pennsylvania",
    "ri-us": "Rhode Island",
    "sc-us": "South Carolina",
    "sd-us": "South Dakota",
    "tn-us": "Tennessee",
    "tx-us": "Texas",
    "ut-us": "Utah",
    "vt-us": "Vermont",
    "va-us": "Virginia",
    "wa-us": "Washington",
    "wv-us": "West Virginia",
    "wi-us": "Wisconsin",
    "wy-us": "Wyoming"
  }
}
